hotel_ar,hotel_en,governorate,city,rating
مارشاربل,marsher bell,القاهرة,القاهرة,
صن رايز,sun rise,جنوب سيناء,شرم الشيخ,
صن رايز انجم ريزورت,sun rise angom resort,البحر الأحمر,مرسي علم,
اغورمى,AGHORMI,مطروح,مرسي مطروح,
ستار,STAR,جنوب سيناء,شرم الشيخ,
امارا,AMARA,البحر الأحمر,مرسي علم,
حابى,HABI,أسوان,اسوان,
امارينا جنة ريزورت و اكوا بارك,Amarina jannah Rsort & Aqua Park MarsaAlam,البحر الأحمر,مرسي علم,
دغش لاند,Daghash land hotel,جنوب سيناء,رأس سدر,
ريجنسى,Regency Hotel,الجيزة,الجيزة,
ريكسوس بريكيك العالمين,RexosBreaker Alameen,مطروح,الساحل الشمالى,
ستار هاوس,star house,البحر الأحمر,مرسي علم,
نعمه باى سويتس اند سبا,Neama bay suits &spa,جنوب سيناء,شرم الشيخ,
كايت فليدج,Kite Village,البحر الأحمر,مرسي علم,
الرياض,AL RYAD HOTEL,القاهرة,القاهرة,
تونسيا بيراميدز,TONISIA PYRAMIDS HOTEL,الفيوم,الفيوم,
ماروم,MAROM HOTEL,بورسعيد,بورسعيد,
زهرة الشهدا,ZAHRT EL SHOHADA,المنوفية,,
دايموند لاند,DIAMOND LAND HOTEL,الشرقية,الزقازيق,
الشاطىء,EL SHATEA,المنيا,المنيا,
ريجال هايتس,REGAL HIGHTS,,الساحل الشمالى,
اكوا صن,Aqua Sun,جنوب سيناء,نويبع,
اكوا صن غزالى,Aqua Sun Ghazali,جنوب سيناء,نويبع,
لابلايا بيتش ريزروت,La Playa Beach Resort,جنوب سيناء,نويبع,
اميجو طابا,Amigo Taba,جنوب سيناء,طابا,
سـويـس دريــــم ريزورت,SWISS DREAM RESORT TABA,جنوب سيناء,طابا,
أكوا مارينـا طابا,AQUAMARINE TABA HOTEL,جنوب سيناء,طابا,
صن,Sun,جنوب سيناء,شرم الشيخ,
كنابش,Kanabesh,جنوب سيناء,شرم الشيخ,
رويال نعمة باى,ROYAL NEAMA BAY (Royal Oasis),جنوب سيناء,شرم الشيخ,
سويس اوتيل,SWISS HOTEL,جنوب سيناء,شرم الشيخ,
كينج سنفرو كلوب الفراعنة هايتس,KING SNEFRO EL FARAANA HIGHTS,جنوب سيناء,شرم الشيخ,
ممنون,MAMNON,البحر الأحمر,سفاجا,
شتايجنبرجر راس سومه,STEIGENBERGER RAS SOMA,البحر الأحمر,سفاجا,
مارينا سدر,Marina Sudr,جنوب سيناء,رأس سدر,
موسي كوست,MOUSA COAST HOTEL,جنوب سيناء,رأس سدر,
لاسياندا,LA HACIENDA BEACH RESORT,جنوب سيناء,رأس سدر,
جولدن بيتش ريزورت,GOLDEN BEACH RESORT,جنوب سيناء,رأس سدر,
كوين,Queen,البحر الأحمر,مرسي علم,
نكارى,NAKARY,البحر الأحمر,مرسي علم,
صبارا,SABARAH HOTEL,البحر الأحمر,مرسي علم,
ندى,NADA RESORT,البحر الأحمر,مرسي علم,
مارينا ريزورت بورت غالب,Marina Resort port ghaleb,البحر الأحمر,مرسي علم,
الزبرجد,EL ZABARGET HOTEL,البحر الأحمر,مرسي علم,
كورال هليز,CORAL HILLS RESORT,البحر الأحمر,مرسي علم,
بلو فاجن,BLUE VISION HOTEL,البحر الأحمر,مرسي علم,
برنيس كلوب,BERENICE CLUB RESORT,البحر الأحمر,مرسي علم,
الاسكندر الاكبر,ALEXANDER THE GREAT RESORT,البحر الأحمر,مرسي علم,
جراند مارينا,Grand Marina,البحر الأحمر,الغردقة,
جولدن صن,Golden Sun,البحر الأحمر,الغردقة,
رنادو مكادى باى,Xanadu Makadi Bay Hotel,البحر الأحمر,الغردقة,
ذابوتيك هوتيل,THE BOUTIQUE HOTEL,البحر الأحمر,الغردقة,
صن رايز توكانا مكادى باى,Sunrise Tucana Makadi Bay,البحر الأحمر,الغردقة,
بالم إن,PALM INN HOTEL,البحر الأحمر,الغردقة,
الجولف,GOLF HOTEL,البحر الأحمر,الغردقة,
كريك,Creek Hotel,البحر الأحمر,الجونة,
سي صن,SEA SUN,جنوب سيناء,دهب,
ريجينا السخنة,REGINA EL SOKHNA HOTEL,السويس,العين السخنة,
امباير اوتيل,EMPIRE HOTEL,السويس,العين السخنة,
العين باى,EL EIN BAY HOTEL,السويس,العين السخنة,
هاوس أوف لايف,HOUSE OF LIFE HOTEL,سوهاج,سوهاج,
الفنار,EL FANAR HOTEL,سوهاج,سوهاج,
الفنار,EL FANAR HOTEL,سوهاج,سوهاج,
طغاغين,TAGHAGHIEN ISLAND HOTEL,,سيوه,
بورتو سعيد,PORTO SAID HOTEL,بورسعيد,بورسعيد,
هلنان بور فؤاد,HELNAN PORT FOUAD HOTEL,بورسعيد,بورسعيد,
بورسعيد جراند اوتيل,GRAND PORT SAID HOTEL,بورسعيد,بورسعيد,
هولى فاميلى,Holy Family,المنيا,المنيا,
حورس,HORUS TOURIST HOTEL,المنيا,المنيا,
جرين ليفز,GREEN LEAVES,,الساحل الشمالى,
جاز الماظينو,JAZ ALMAZINO,,الساحل الشمالى,
مارينا1,Marina 1,,الساحل الشمالى,
مارينا 2,Marina 2,,الساحل الشمالى,
بلانكا,Blanca,,الساحل الشمالى,
فيردى,Verdi,,الساحل الشمالى,
الفرسان,ALFORSAN,,مرسي مطروح,
ادريس مراسى بيتش ريزورت H9,H9 - The ADRESS MARASI BEACH RESORT,,الساحل الشمالى,
كليوباتراللمنتجعات الفاخرة,CLEOPATRA LUXURY HOTEL,,الساحل الشمالى,
بورتو مطروح,PORTO MATROUH HOTEL,,مرسي مطروح,
موتيل المنصورة,MOTEL El MANSOURA,الدقهلية,المنصورة,
انجلو,ANGLO,الأقصر,الأقصر,
ليالى العرب,ARABIAN NIGHTS,الفيوم,الفيوم,
جراند بسترودس بالاس,GRAND PASTROUDIS PALACE HOTEL,الفيوم,الفيوم,
بيوم ليك سايد,BYOUM LAKESIDE HOTEL,الفيوم,الفيوم,
شندا لودج,SHANDA LODGE,الوادي الجديد,الوادى الجديد,
شهر زاد كامب,SHAHRAZAD CAMP,الوادي الجديد,الوادى الجديد,
قصر البجوات,QASR EL BAGAWAT HOTEL,الوادي الجديد,الوادى الجديد,
العاملين بمصنع الطائرات,Aircraft factory workers,دمياط,راس البر,
المينا بيتش,EL MENA BEACH HOTEL,دمياط,راس البر,
الوادى,ALWADY HOTEL,دمياط,راس البر,
الايفان,EVAN HOTEL,القليوبية,بنها,
ميراج سموحة,Mirage SMOUHA,الأسكندرية,الاسكندرية,
جراند بلازا سموحة,THE GRAND PLAZA HOTEL,الأسكندرية,الاسكندرية,
تشيرى ماريسكى,CHERRY MARYSKI HOTEL,الأسكندرية,الاسكندرية,
زا زين ويلنس ريزورت,the zen wellness resort,أسوان,أسوان,
مارينا اكوا بارك,Marina Aqua Park,أسوان,أسوان,
سونستا النوبة,SONESTA NOUBA HOTEL,أسوان,أسوان,
سبكترا ان,SPECTRA INN,الجيزة,الجيزة,
ازل بيراميدز هوتيل,Azal PYRAMIDS HOTEL,الجيزة,الجيزة,
ريجنسى,REGENCY HOTEL,الجيزة,الجيزة,
رويال داى بلازا,ROYAL DAY PLAZA HOTEL,الجيزة,الجيزة,
السرايا,AL SARAYA OCT. HOTEL,الجيزة,الجيزة,
نيو ستار,NEW STAR HOTEL,القاهرة,القاهرة,
سانت ريجس الماسة,The St. Regis Almasa Hotel,القاهرة,القاهرة,
ريفر سايد,RIVER SIDE HOTEL,القاهرة,القاهرة,
بوتيك 1920,NINETEEN TWENTY'S Boutique Hotel,القاهرة,القاهرة,
هيلنان لاند مارك,HELNAN LANDMARK HOTEL,القاهرة,القاهرة,
كوزمو بوليتيان,COSMOPOLITAN HOTEL,القاهرة,القاهرة,
جرين ديزرت,GREEN DESERT HOTEL,البحيرة,البحيرة,
ديـلـمــــــــــون,DELMON HOTEL,جنوب سيناء,طور سيناء,
صلاح الدين,SALAH EDDIN TABA HOTEL,جنوب سيناء,طابا,
كلـــوب طابـــــا,CLUB TABA HOTEL,جنوب سيناء,طابا,
طابا ساندز,TABA SANDS HOTEL,جنوب سيناء,طابا,
طوبـيــــــــــا آن,TOBYA INN HOTEL,جنوب سيناء,طابا,
استراند,STRAND RESORT,جنوب سيناء,طابا,
نلســـــــــــون طابا,NELSON TABA VILLAGE,جنوب سيناء,طابا,
مرجــانه طابـــــا,MORGANA TABA RESORT,جنوب سيناء,طابا,
هوليداى طابا,HOLIDAY TABA RESORT,البحر الأحمر,نويبع,
الـوكــــــــــــالـة,EL WEKALA RESORT,جنوب سيناء,طابا,
شتايجنبرجر طابا,STEIGENBERGER TABA RESORT,جنوب سيناء,طابا,
راديسون ساس,TABA PARADISE RESORT ( Radisson sas ),جنوب سيناء,طابا,
موفنبيك طابا,MOVENPICK RESORT TABA,جنوب سيناء,طابا,
موازييك بيتش ريزورت طابا,Mosaique Beach Resort Taba,جنوب سيناء,طابا,
ميرامار,MIRAMAR HOTEL ( Hyatt Regency),جنوب سيناء,طابا,
باى فيو,BAY VIEW HOTEL,جنوب سيناء,طابا,
مورجن لاند,MORGEN LAND VILLAGE,جنوب سيناء,سانت كاترين,
الوادي المقدس,EL WADY EL MOUQUDUSS HOTEL,جنوب سيناء,سانت كاترين,
دانيلا سانت كاترين,DANIELA VILLAGE,جنوب سيناء,سانت كاترين,
كاترين بلازا,CATHERINE PLAZA VILLAGE,جنوب سيناء,سانت كاترين,
سانت كاترين,ST. CATHERINE HOTEL,جنوب سيناء,سانت كاترين,
فايكنج كلوب,VIKING CLUB HOTEL,جنوب سيناء,شرم الشيخ,
اوشن كلوب,OCEAN CLUB HOTEL,جنوب سيناء,شرم الشيخ,
لونـا شــارم,LUNA SHARM HOTEL,جنوب سيناء,شرم الشيخ,
لوجـيـنــــــــا ريزورت,LOGINA SHARM HOTEL,جنوب سيناء,شرم الشيخ,
هـــــالومـى,HALOMY SHARM HOTEL,جنوب سيناء,شرم الشيخ,
غـزالة,GHAZALA HOTEL,جنوب سيناء,شرم الشيخ,
بدويــــــــة,BADAWIA SHARM RESORT,جنوب سيناء,شرم الشيخ,
قمر ســــيناء,AMAR SINA HOTEL,جنوب سيناء,شرم الشيخ,
عـايــدة,AIDA SHARM,جنوب سيناء,شرم الشيخ,
عــــــايـدة 2,AIDA 2 RESORT,جنوب سيناء,شرم الشيخ,
صنافير,SANAFIR HOTEL,جنوب سيناء,شرم الشيخ,
أونـــــــاس,OONAS HOTEL,جنوب سيناء,شرم الشيخ,
ديزرت فــيو,DESERT VIEW HOTEL,جنوب سيناء,شرم الشيخ,
يـونـــى شــــــارم,UNI SHARM HOTEL,جنوب سيناء,شرم الشيخ,
تيفولى,TIVOLI HOTEL,جنوب سيناء,شرم الشيخ,
شارمينج ان ان,SHARMING INN HOTEL,جنوب سيناء,شرم الشيخ,
شـــارم ريـف,SHARM REEF HOTEL,جنوب سيناء,شرم الشيخ,
شــارم هوليداى,SHARM HOLIDAY HOTEL,جنوب سيناء,شرم الشيخ,
شــارم كلـيف,SHARM CLIFF RESORT,جنوب سيناء,شرم الشيخ,
شــارم برايــــد,SHARM BRIDE HOTEL,جنوب سيناء,شرم الشيخ,
رويـال برادايـس,ROYAL PARADISE HOTEL,جنوب سيناء,شرم الشيخ,
كويـن شـــــارم,QUEEN SHARM HOTEL,جنوب سيناء,شرم الشيخ,
نـيــــو تـــــــــاور,NEW TOWER HOTEL,جنوب سيناء,شرم الشيخ,
نيـو تيــران,NEW TIRAN HOTEL,جنوب سيناء,شرم الشيخ,
نيو كوين شارم,NEW QUEEN SHARM,جنوب سيناء,شرم الشيخ,
نيــو فانتازيـا,NEW FANTAZIA HOTEL,جنوب سيناء,شرم الشيخ,
نعمــة هايتس,NEAMA HEIGHTS HOTEL,جنوب سيناء,شرم الشيخ,
مـــوران,MORAN HOTEL (Noria),جنوب سيناء,شرم الشيخ,
ماكســـيكانا,MEXICANA SHARM HOTEL,جنوب سيناء,شرم الشيخ,
مزار ريزورت اند سبا,MAZAR Resort & Spa,جنوب سيناء,شرم الشيخ,
ليالينا السياحية,LAYALINA RESORT,جنوب سيناء,شرم الشيخ,
لا بـيــــــرلا,LA PERLA SHARM HOTEL,جنوب سيناء,شرم الشيخ,
كهرمــــانـة,KAHRAMANA HOTEL,جنوب سيناء,شرم الشيخ,
جراند شارم ريزورت 2,GRAND SHARM RESORT,جنوب سيناء,شرم الشيخ,
جـــراند أوتيــل,GRAND HOTEL,جنوب سيناء,شرم الشيخ,
غــزالة جاردن,GHAZALA GARDENS HOTEL,جنوب سيناء,شرم الشيخ,
جاردينيا شارم,GARDENIA SHARM HOTEL,جنوب سيناء,شرم الشيخ,
منتجع الحــــياة شـــــرم,EL HAYAT SHARM HOTEL,جنوب سيناء,شرم الشيخ,
دايف ان ريزورت,DIVE INN HOTEL,جنوب سيناء,شرم الشيخ,
سيرين ايلاند هوتيل,CYRENE ISLAND HOTEL,جنوب سيناء,شرم الشيخ,
كـورال هيلز,CORAL HILLS RESORT,جنوب سيناء,شرم الشيخ,
كورال بيتش تيــران,CORAL BEACH TIRAN HOTEL,جنوب سيناء,شرم الشيخ,
كتراكت ريزورت,CATARACT HOTEL,جنوب سيناء,شرم الشيخ,
البـســـــــتـان بارك هوتيلز,AL BOSTAN PARK HOTEL,جنوب سيناء,شرم الشيخ,
فيفا شارم,VIVA SHARM HOTEL,جنوب سيناء,شرم الشيخ,
فرجينيا شـــارم,VERGINIA SHARM HOTEL,جنوب سيناء,شرم الشيخ,
تركواز بيتـش ريزورت,TURQUOISE BEACH HOTEL,جنوب سيناء,شرم الشيخ,
شـــارم آن قمرين,SHARM INN AMAREIN HOTEL,جنوب سيناء,شرم الشيخ,
شــــارم كلـــــوب,SHARM CLUB HOTEL,جنوب سيناء,شرم الشيخ,
بالما دى شارم,PALMA DE SHARM HOTEL,جنوب سيناء,شرم الشيخ,
أورينتال ريفولى بلازا,ORIENTAL RIVOLI PLAZA HOTEL,جنوب سيناء,شرم الشيخ,
إورينتال ريفولى,ORIENTAL RIVOLI HOTEL,جنوب سيناء,شرم الشيخ,
نعمة آن,NEAMA INN HOTEL,جنوب سيناء,شرم الشيخ,
نعمة بلو,NEAMA BLUE,جنوب سيناء,شرم الشيخ,
نعمة ستار,NAAMA STAR HOTEL,جنوب سيناء,شرم الشيخ,
نعمة هيلز,NAAMA HILLS HOTEL,جنوب سيناء,شرم الشيخ,
فالكون هيلز,FALCON HILLS HOTEL,جنوب سيناء,شرم الشيخ,
إيـــــدن روك,EDEN ROCK HOTEL,جنوب سيناء,شرم الشيخ,
كــمــــــــــل,CAMEL HOTEL,جنوب سيناء,شرم الشيخ,
قمـــر الزمــــان,AMAR EL ZAMAN HOTEL,جنوب سيناء,شرم الشيخ,
راداميس تيرانا ريكسوس,Radamees Tirana Aqua Park,جنوب سيناء,شرم الشيخ,
سـونستا كلوب,SONESTA CLUB SHARM EL SHEIKH,جنوب سيناء,شرم الشيخ,
شارم بلازا,SHARM PLAZA RESORT,جنوب سيناء,شرم الشيخ,
سافيتا ريزورت اند سبا,SAVITA RESORT & SPA,جنوب سيناء,شرم الشيخ,
ريحانه شارم نبق,REHANA SHARM RESORT,جنوب سيناء,شرم الشيخ,
ريحــانة رويال بيتــش ريزورت,REHANA ROYAL BEACH HOTEL,جنوب سيناء,شرم الشيخ,
ريجنـــسى بـلازا,REGENCY PLAZA RESORT,جنوب سيناء,شرم الشيخ,
باروتيل بيتش ريزورت,PARROTEL BEACH Resort,جنوب سيناء,شرم الشيخ,
باروتيل اكوا بارك ريزورت,PARROTEL AQUA PARK Resort,جنوب سيناء,شرم الشيخ,
اورينتـــال ريـزورت,ORIENTAL RESORT,جنوب سيناء,شرم الشيخ,
مكسيم جاردن,MAXIM GARDEN RESORT,جنوب سيناء,شرم الشيخ,
ليدو شارم,LIDO SHARM HOTEL,جنوب سيناء,شرم الشيخ,
كينج سنفرو الفراعنة ريف,KING SNEFRO EL FARAANA REEF,جنوب سيناء,شرم الشيخ,
هيلتون شاركس باى,HILTON SHARKS BAY RESORT,جنوب سيناء,شرم الشيخ,
جراند اوازيس,GRAND OASIS RESORT,جنوب سيناء,شرم الشيخ,
جافى لأند,GAFY LAND HOTEL,جنوب سيناء,شرم الشيخ,
دريمـز فاكيشــن,DREAMS VACATION HOTEL,جنوب سيناء,شرم الشيخ,
سيرين شارم هوتيل,CYRENE SHARM RESORT,جنوب سيناء,شرم الشيخ,
كورال بيتش المنتزة,Coral Beach Montazah Hotel,جنوب سيناء,شرم الشيخ,
كونتيننتال بلازا بيتش,CONTINENTAL PLAZA BEACH HOTEL,جنوب سيناء,شرم الشيخ,
ســيتى ســتارز,CITY STAR RESORT,جنوب سيناء,شرم الشيخ,
أمواج عيون شارم,AMWAJ OYOUN HOTEL,جنوب سيناء,شرم الشيخ,
امفوراس بلو,AMPHORAS BLU,جنوب سيناء,شرم الشيخ,
امفوراس اكوا,AMPHORAS AQUA HOTEL,جنوب سيناء,شرم الشيخ,
تيران نبق,TIRAN Nabq RESORT,جنوب سيناء,شرم الشيخ,
صن رايز رمال بيتش,SUNRISE REMAL BEACH,جنوب سيناء,شرم الشيخ,
اكسبرينس سـان جـورج,ST.GEORGE XPERIENCE RESORT,جنوب سيناء,شرم الشيخ,
شرم دريمز ريزورت,SHARM DREAMS RESORT,جنوب سيناء,شرم الشيخ,
أولد فيك شارم,OLD VICK HOTEL,جنوب سيناء,شرم الشيخ,
ماجــيك وورلد,Magic World Sharm Resort,جنوب سيناء,شرم الشيخ,
جاز شاركس باى,JAZ SHARKS BAY,جنوب سيناء,شرم الشيخ,
جاز فنارة ريزورت,JAZ FANARA RESORT,جنوب سيناء,شرم الشيخ,
ابروتيل فناره ريزيدنس,Iberotel Fanara Residence Resort,جنوب سيناء,شرم الشيخ,
الفـيروز,FAYROUZ RESORT,جنوب سيناء,شرم الشيخ,
البركة سيتى شــارم,El Baraka Seti Sharm Resort,جنوب سيناء,شرم الشيخ,
كـلــــــوب ريــف,CLUB REEF RESORT,جنوب سيناء,شرم الشيخ,
شارمليون كلوب ريزورت,CHARMILLION CLUB RESORT,جنوب سيناء,شرم الشيخ,
الميركــاتـــو,IL MERCATO HOTEL,جنوب سيناء,شرم الشيخ,
اكسبرينس سى بريز,XPERIENCE SEA BREEZE RESORT,جنوب سيناء,شرم الشيخ,
الشلالات,WATERFALLS RESORT,جنوب سيناء,شرم الشيخ,
تمرا بيتش,TAMRA BEACH RESORT,جنوب سيناء,شرم الشيخ,
حدائق السلطان,SULTAN GARDENS RESORT,جنوب سيناء,شرم الشيخ,
شارم جراند بلازا,SHARM GRAND PLAZA RESORT,جنوب سيناء,شرم الشيخ,
سى بيتش,SEA BEACH HOTEL,جنوب سيناء,شرم الشيخ,
ســـــــــــافـــوى,SAVOY SHARM EL SHEIKH RESORT,جنوب سيناء,شرم الشيخ,
رويال هوليداى بيتش ريزورت اند كازينو,ROYAL HOLIDAY BEACH RESORT & CASINO,جنوب سيناء,شرم الشيخ,
رويــال جراند شـارم,ROYAL GRAND SHARM,جنوب سيناء,شرم الشيخ,
ريف اوازيس بلو باى,REEF OASIS BLU BAY HOTEL,جنوب سيناء,شرم الشيخ,
بـيـرامـــــــيـزا,PYRAMISA SHARM EL SHEIKH RESORT,جنوب سيناء,شرم الشيخ,
بروميناد خليج نعمة,PROMENADE NEAMA BAY (scarros),جنوب سيناء,شرم الشيخ,
بارك ريجنـسى,Park Regency Resort,جنوب سيناء,شرم الشيخ,
القرية النوبـية,NUBIAN VILLAGE,جنوب سيناء,شرم الشيخ,
نوفـــــــتـيــل,Novotel Sharm El Sheikh Resort,جنوب سيناء,شرم الشيخ,
نعمة باى,Naama Bay (tropital naama bay),جنوب سيناء,شرم الشيخ,
موفنبيك ريزورت,MOVENPICK SHARM EL SHEIKH,جنوب سيناء,شرم الشيخ,
فيلات واجنحة ريكسوس جولف شرم الشيخ,Rixos Golf Villas & Suites Sharm El Sheikh,جنوب سيناء,شرم الشيخ,
مارتيم جولى فيل ريزورت اند كازينو,MARITIM JOLIE VILLE RESORT & CASINO,جنوب سيناء,شرم الشيخ,
جولف بيتش ريزورت,GOLF BEACH RESORT,جنوب سيناء,شرم الشيخ,
مارينا شارم,MARINA SHARM HOTEL,جنوب سيناء,شرم الشيخ,
كـيروســــــيز,KIROSEIZ RESORT,جنوب سيناء,شرم الشيخ,
ايلاند فيو,ISLAND VIEW RESORT,جنوب سيناء,شرم الشيخ,
ابروتيل بالاس,IBEROTEL PALACE SHARM EL SHEIKH,جنوب سيناء,شرم الشيخ,
هليتون شاركس باى 2,HILTON SHARKS BAY RESORT II,جنوب سيناء,شرم الشيخ,
وسبا جراند روتانا,GRAND ROTANA HOTEL & SPA,جنوب سيناء,شرم الشيخ,
دريمــز بيتـــش,DREAMS BEACH RESORT,جنوب سيناء,شرم الشيخ,
كورال سى ووتر ورلد,CORAL SEA WATERWORLD,جنوب سيناء,شرم الشيخ,
كـــــورال بـــــاى,CORAL BAY HOTEL & RESORT,جنوب سيناء,شرم الشيخ,
كونتننتال جاردن ريف,Continental Garden Reef Resort,جنوب سيناء,شرم الشيخ,
كونكـــورد الســـلام,Concord El Salam Sharm Resort,جنوب سيناء,شرم الشيخ,
الــبــــــــــــارون,BARON RESORT SHARM EL SHEIKH,جنوب سيناء,شرم الشيخ,
البــــــارون بالمـــــز,BARON PALMS RESORT,جنوب سيناء,شرم الشيخ,
أربيان بيتش,ARABIAN BEACH RESORT,جنوب سيناء,شرم الشيخ,
أمفـــوراس,AMPHORAS HOTEL,جنوب سيناء,شرم الشيخ,
الباشا كوست (ادارة  شيراتون اوفرسيز ),AL PASHA COAST- SHERATON MANAGEMENT,جنوب سيناء,شرم الشيخ,
صن رايز رمال ريزورت,SUNRISE REMAL RESORT,جنوب سيناء,شرم الشيخ,
صن رايز منتمارى,SUNRISE MONTEMARE RESORT(Sharming Hills),جنوب سيناء,شرم الشيخ,
ســـتيلا شــرم,STELLA SHARM RESORT,جنوب سيناء,شرم الشيخ,
رويال الباتروس مودرنا,ROYAL EL BATROS MODERNA RESORT,جنوب سيناء,شرم الشيخ,
رينسانس جولدن فيو بيتـــش ريزورت,RENAISSANCE GOLDEN VIEW RESORT,جنوب سيناء,شرم الشيخ,
ريــف اوازيــس,REEF OASIS RESORT,جنوب سيناء,شرم الشيخ,
باروتيل لاجون,PARROTEL LAGOON,جنوب سيناء,شرم الشيخ,
مونت كارلو,MONTE CARLO RESORT,جنوب سيناء,شرم الشيخ,
جاز مرابيل بيتش,JAZ MIRABEL BEACH RESORT,جنوب سيناء,شرم الشيخ,
جــاز بليفــــــادير,JAZ BELVEDERE RESORT,جنوب سيناء,شرم الشيخ,
كورال سى إمبريال,CORAL SEA IMPRIAL RESORT,جنوب سيناء,شرم الشيخ,
كورال سى هوليداى ريزورت,CORAL SEA HOLIDAY RESORT,جنوب سيناء,شرم الشيخ,
كليوباترا للمنتجعات الفاخرة,CLEOPATRA LUXURY RESORT,جنوب سيناء,شرم الشيخ,
اكوا بلو,AQUA BLUE RESORT (Aqua Park),جنوب سيناء,شرم الشيخ,
الباتروس اكوا بارك,ALBATROS AQUA PARK SHARM,جنوب سيناء,شرم الشيخ,
شتايجنبرجر الكزار,STEIGENBERGER ALCAZAR,جنوب سيناء,شرم الشيخ,
ريـكسـوس شرم الشيخ,RIXOS SHARM EL SHEIKH HOTEL,جنوب سيناء,شرم الشيخ,
ريكسوس بريميوم سى جت,RIXOS PREMIUM SEAGATE,جنوب سيناء,شرم الشيخ,
لاجونا فيـســــــــتا ريزورت,LAGUNA VISTA RESORT,جنوب سيناء,شرم الشيخ,
فـــور ســــــيزون,FOUR SEASONS RESORT SHARM EL SHEIKH,جنوب سيناء,شرم الشيخ,
دايمــوند شـــارم,DIAMOND SHARM HOTEL,جنوب سيناء,شرم الشيخ,
الباتروس بالاس ريزورت,ALBATROS PALACE HOTEL (Cyrene Grand),جنوب سيناء,شرم الشيخ,
صن رايز وايت هيلز,SUNRISE WHITE HILLS HOTEL,جنوب سيناء,شرم الشيخ,
ميراكى شرم الشيخ,Meracy Sharm Elshekh,جنوب سيناء,شرم الشيخ,
الباتروس شرم الشيخ,ALBATROS SHARM EL SHEIKH,جنوب سيناء,شرم الشيخ,
توبيا,TOUBIA HOTEL,البحر الأحمر,سفاجا,
كورال جاردن,CORAL GARDEN REOSRT,البحر الأحمر,سفاجا,
نيمو,NEMO HOTEL,البحر الأحمر,سفاجا,
الجوهرة,EL GAWHARA HOTEL,البحر الأحمر,سفاجا,
شاطئ الشمس,SUN BEACH VILLAGE,البحر الأحمر,سفاجا,
ناقة باى ريزورت,NAGA BAY RESORT,البحر الأحمر,سفاجا,
دولفين بيتش هوتيل,DOLPHIN BEACH HOTEL,البحر الأحمر,سفاجا,
فيفا بلو - الاحلام,VIVA BLUE HOTEL ( Dreams Village ),البحر الأحمر,سفاجا,
شمس سفاجا,SHAMS SAFAGA VILLAGE,البحر الأحمر,سفاجا,
جنة سفاجا,SAFAGA PARADISE,البحر الأحمر,سفاجا,
مينا فيل,MENAVILLE RESORT,البحر الأحمر,سفاجا,
لوتس باي,LOTUS BAY RESORT,البحر الأحمر,سفاجا,
إمبريال شمس,IMPERIAL SHAMS HOTEL,البحر الأحمر,سفاجا,
غطس سومة باى,DIVING SOMA BAY HOTEL,البحر الأحمر,سفاجا,
اميرة سفاجا,AMIRA SAFAGA HOTEL,البحر الأحمر,سفاجا,
جاز سوما بيتش,JAZZ SOMA BEACH,البحر الأحمر,سفاجا,
بيتش كلوب,BEACH CLUB HOTEL,البحر الأحمر,سفاجا,
سومة باي شيراتون,SOMA BAY RESORT-SHERATON,البحر الأحمر,سفاجا,
كاريبيان وورلد سومة باى,Caribbean World Soma Bay Resort,البحر الأحمر,سفاجا,
امارينا ابوسوما ريزورت واكوابارك,Amarina Abu Soma Resort & Aqua Park,البحر الأحمر,سفاجا,
خليج ابو سومة,ABU SOMA GULF RESORT ( Kempinski Hotel ),البحر الأحمر,سفاجا,
بالم رويال سوما باى,PALM ROYALE SOMA BAY,البحر الأحمر,سفاجا,
موفنبيك سومه باي,MOVENPICK SOMA BAY,البحر الأحمر,سفاجا,
ماجيك لايف,MAGIC LIFE RESORT,البحر الأحمر,سفاجا,
كلوب راس سومة -روبنسون راس سومة,CLUB RAS SOMA HOTEL,البحر الأحمر,سفاجا,
كاسكيدز,CASCADES HOTEL,البحر الأحمر,سفاجا,
بانانا بيتش,BANANA BEACH VILLAGE,جنوب سيناء,رأس سدر,
باراديز,PARADISE HOTEL,جنوب سيناء,رأس سدر,
مون بيتش,MOON BEACH RESORT,جنوب سيناء,رأس سدر,
رويال بيتش,ROYAL BEACH RESORT,جنوب سيناء,رأس سدر,
ريفيرا بيتش 2,RIVIERA BEACH II,جنوب سيناء,رأس سدر,
هوليداى فانتازيا,HOLIDAY FANTASIA HOTEL,جنوب سيناء,رأس سدر,
جرين سدر,GREEN SUDR HOTEL,جنوب سيناء,رأس سدر,
قرية شاطئ الأميرة,AMIRA BEACH VILLAGE,جنوب سيناء,رأس سدر,
سندريلا بيتش كلوب,CINDERELLA BEACH HOTEL,البحر الأحمر,القصير,
المانجروف,MANGROVE VILLAGE,البحر الأحمر,القصير,
المخيم الفضى,SILVER CAMP HOTEL,البحر الأحمر,القصير,
روتس كامب,ROOTS CAMP,البحر الأحمر,القصير,
فنادير بيتش,FANADIR BEACH HOTEL,البحر الأحمر,القصير,
يوتوبيا بيتش كلوب,UTOPIA BEACH CLUB,البحر الأحمر,القصير,
شونى باي ريزورت,SHONI BAY RESORT,البحر الأحمر,مرسي علم,
روهانو,ROHANOU HOTEL,البحر الأحمر,القصير,
اوناتي بيتش ريزورت,ONATTI BEACH RESORT,البحر الأحمر,القصير,
كابانا,CABANA RESORT,البحر الأحمر,القصير,
سيرينا بيتش موفنبيك,MOVENPICK RESORT EL QUSEIR (Sirena Beach),البحر الأحمر,القصير,
فلامنكو ريزورت,FLAMENCO RESORT,البحر الأحمر,القصير,
"فلامنكو القصير "" بيتش """,FLAMENCO BEACH RESORT,البحر الأحمر,القصير,
"""ايبروتيل كوستا ماريس",IBEROTEL COSTA MARES,البحر الأحمر,مرسي علم,
راديسون ساس القصير,RADISSON BLU RESORT EL QUSEIR,البحر الأحمر,القصير,
دريمز بيتش,DREAMS BEACH RESORT,البحر الأحمر,القصير,
سى وورلد,SEA WORLD HOTEL,البحر الأحمر,القصير,
مخـــيم الفــيروزة,FAYRAUZET HOTEL,جنوب سيناء,نويبع,
ســـالي لانـــد,SALLY LAND HOTEL,جنوب سيناء,نويبع,
تــشــــــــــــاو نويبع,CIAO HOTEL,جنوب سيناء,نويبع,
مخيم شاطئ القلعة,CASTLE BEACH HOTEL,البحر الأحمر,نويبع,
مخـــيم بساطة,BASATA CAMP,البحر الأحمر,نويبع,
ســويــس كـــير,SWISSCARE RESORT,جنوب سيناء,نويبع,
ريجـينـا  نويـبـــــــع,REGINA NUWEIBA,جنوب سيناء,نويبع,
الصــــــــيـاديـن نويبع,EL SAYADEEN TOURISTIC VILLAGE,جنوب سيناء,نويبع,
كورال السياحية,CORAL NUWEIBA RESORT,جنوب سيناء,نويبع,
قريـة نويـبـــــــع,NUWEIBA RESORT,جنوب سيناء,نويبع,
ايــلاريــــا بيتش ريزورت نويبع,ELARIA BEACH RESORT,جنوب سيناء,نويبع,
اوازيس,oasis,البحر الأحمر,مرسي علم,
ترو بيتش ريزورت,True beach resort,البحر الأحمر,مرسي علم,
بيتش سفارى,Beach Safari,البحر الأحمر,مرسي علم,
ابو دباب دايفنج لودج,ABU DABBAB DIVING LODGE HOTEL,البحر الأحمر,مرسي علم,
وادى لحمى ازور,Wadi Lahmy Azur (marina benias),البحر الأحمر,مرسي علم,
شمس علم,SHAMS ALAM HOTEL,البحر الأحمر,مرسي علم,
أورينتال باى,ORIENTAL BAY MARSA ALAM HOTEL,البحر الأحمر,مرسي علم,
اكيونكس,EQUINOX HOTEL,البحر الأحمر,مرسي علم,
اميرالد لاجون,EMERALD LAGOON HOTEL,البحر الأحمر,مرسي علم,
سوليمار ريف,SOLYMAR REEF RESORT,البحر الأحمر,مرسي علم,
ثري كورنر سي بيتش ريزورت,THE THREE CORNERS SEA BEACH RESORT,البحر الأحمر,مرسي علم,
سوليتير,SOLITAIRE RESORT,البحر الأحمر,مرسي علم,
قرية شجره,SHAGRA VILLAGE,البحر الأحمر,مرسي علم,
مخيم البحر الأحمر لسفارى الجبال,Red Sea Camp for Mountain Safari,البحر الأحمر,مرسي علم,
بانسيه رويال جاردن,PENSEE ROYAL GARDEN HOTEL,البحر الأحمر,القصير,
"""مارينا فيو بورت غالب هوتيل",MARINA VIEW PORT GHALIB HOTEL,البحر الأحمر,مرسي علم,
لحمي باي,LAHAMI BAY RESORT,البحر الأحمر,مرسي علم,
جورجينا بيتش,GORGONIA BEACH RESORT,البحر الأحمر,مرسي علم,
دريم لاجون,DREAM LAGOON HOTEL,البحر الأحمر,مرسي علم,
بريكا باى,BRAYKA BAY HOTEL,البحر الأحمر,مرسي علم,
بلو ريف,BLUE REEF RESORT,البحر الأحمر,مرسي علم,
بلو لاجون,BLUE LAGOON RESORT,البحر الأحمر,مرسي علم,
بدويه,BADAWIA RESORT,البحر الأحمر,مرسي علم,
أكاسيا جاردنز,AKASSIA GARDEN'S HOTEL,البحر الأحمر,مرسي علم,
جاز دار المدينة,JAZ DAR EL MADINA RESORT,البحر الأحمر,مرسي علم,
جيما ريزورت,GEMMA RESORT,البحر الأحمر,مرسي علم,
كازامارى ريزورت ام اف,CASA MARE RESORT MF,البحر الأحمر,مرسي علم,
ثري كورنرز الفيرز بلازا,THE THREE CORNERS FAYROUZ PLAZA RESORT,البحر الأحمر,مرسي علم,
شتايجنبرجر كورايا بيتش,STEIGENBERGER CORAYA BEACH,البحر الأحمر,مرسي علم,
بورتو فينو ريزورت,PORTOFINO RESORT,البحر الأحمر,مرسي علم,
مارينا لودج بورت غالب,MARINA LODG PORT GHALIB HOTEL,البحر الأحمر,مرسي علم,
كهرمانه,KAHRAMANA RESORT,البحر الأحمر,مرسي علم,
جاز سولايا,JAZ SOLAYA RESORT,البحر الأحمر,مرسي علم,
جاز جراند,JAZ GRAND RESORT,البحر الأحمر,مرسي علم,
هابي لايف ريزورت,HAPPY LIFE RESORT,البحر الأحمر,مرسي علم,
فانتازيا ريزورت,FANTAZIA RESORT,البحر الأحمر,مرسي علم,
الفيستون,ELPHISTONE RESORT,البحر الأحمر,مرسي علم,
منتجع المالكية السياحى,EL MALIKIA RESORT,البحر الأحمر,مرسي علم,
وسبا كونكورد مورين بيتش,CONCORDE MOREEN BEACH RESORT&SPA,البحر الأحمر,مرسي علم,
كازابلو ريزورت ام اف,CASA BLUE RESORT MF,البحر الأحمر,مرسي علم,
أكاسيا سويس ريزورت,AKASSIA SWISS RESORT,البحر الأحمر,مرسي علم,
ساتايا مرسى علم,SATAYA RESORT,البحر الأحمر,مرسي علم,
نوفتيل مرسى علم,NOVOTEL MARSA ALAM,البحر الأحمر,مرسي علم,
لازولى مرسى علم,LAZULI MARSA ALAM,البحر الأحمر,مرسي علم,
جاز مرايا,JAZ MARAYA HOTEL,البحر الأحمر,مرسي علم,
هيلتون مرسي علم نوبيان ريزورت,HILTON MARSA ALAM NUBIAN RESORT,البحر الأحمر,مرسي علم,
بورت غالب IHG ريزورت,PORT GHALIB RESORT,البحر الأحمر,مرسي علم,
جاز لامايا,JAZ LAMAYA HOTEL,البحر الأحمر,مرسي علم,
ثري كورنرز تراس هوتيل,THE THREE CORNERS TERRACE,البحر الأحمر,الغردقة,
رويال,Royal,البحر الأحمر,الغردقة,
صن أند سي,SUN & SEA HOTEL,البحر الأحمر,الغردقة,
الأقصر,LUXOR HOTEL,البحر الأحمر,الغردقة,
لابيرلا,LA PERLA HOTEL,البحر الأحمر,الغردقة,
الجيسوم,GEISUM HOTEL,البحر الأحمر,الغردقة,
الجزيرة,EL GEZIRAH HOTEL,البحر الأحمر,الغردقة,
إيفل,EIFFEL HOTEL ( Oscar),البحر الأحمر,الغردقة,
لاميرا,LAMERA HOTEL,البحر الأحمر,الغردقة,
جولدن روز,GOLDEN ROSE HOTEL,البحر الأحمر,الغردقة,
ايلاريا,ELARIA HOTEL,البحر الأحمر,الغردقة,
ذهبيه,ZAHABIA HOTEL,البحر الأحمر,الغردقة,
شدوان جاردن,SHEDWAN GARDEN HOTEL,البحر الأحمر,الغردقة,
سى فيو فرانكفورت,SEA VIEW HOTEL,البحر الأحمر,الغردقة,
سى جاردن,SEA GARDEN HOTEL,البحر الأحمر,الغردقة,
السمكة,SAMAKA HOTEL,البحر الأحمر,الغردقة,
سانتا ماريا,SAINT MARY HOTEL,البحر الأحمر,الغردقة,
روما,ROMA HOTEL,البحر الأحمر,الغردقة,
أولد فيك,OLD VICK HOTEL,البحر الأحمر,الغردقة,
نسمة الآمل,NESMAT AMAL,البحر الأحمر,الغردقة,
الباشا,LE PACHA HOTEL,البحر الأحمر,الغردقة,
جراند اوتيل,GRAND HOTEL,البحر الأحمر,الغردقة,
الدابي,EL DABI HOTEL,البحر الأحمر,الغردقة,
ديانا,DIANA HOTEL,البحر الأحمر,الغردقة,
وايفز ريزورت,WAVES RESORT,البحر الأحمر,الغردقة,
سكاى فيو,SKY VIEW HOTEL,البحر الأحمر,الغردقة,
مارينا بريزيدنت,MARINA PRESIDENT HOTEL,البحر الأحمر,الغردقة,
مكادي جاردن ريزورت,MAKADI GARDEN RESORT,البحر الأحمر,الغردقة,
ايفورى سويتس,IVORY SUITES,البحر الأحمر,الغردقة,
فاميلى ستار,FAMILY STAR HOTEL,البحر الأحمر,الغردقة,
ثرى كورنر امباير هوتيل,THE THREE CORNERS EMPIRE HOTEL,البحر الأحمر,الغردقة,
صنى بيتش,SUNNY BEACH HOTEL,البحر الأحمر,الغردقة,
سفنكس اكوا بارك,SPHINX AQUA PARK,البحر الأحمر,الغردقة,
سندباد أكوا بارك,SINDBAD AQUA PARK,البحر الأحمر,الغردقة,
سندباد اكوا بارك هوتيل,SINDBAD AQUA PARK HOTEL,البحر الأحمر,الغردقة,
سى لاند,SEA LAND HOTEL,البحر الأحمر,الغردقة,
سى هورس,SEA HORSE HOTEL,البحر الأحمر,الغردقة,
صحارا,SAHARA HOTEL,البحر الأحمر,الغردقة,
رويال ستار بيتش ريزورت,ROYAL STAR BEACH RESORT,البحر الأحمر,الغردقة,
ريجينا ريزورت,REGINA RESORT,البحر الأحمر,الغردقة,
بالما دى ميريت,PALMA DE MIRETTE RESORT,البحر الأحمر,الغردقة,
ميريت,MIRETTE HOTEL,البحر الأحمر,الغردقة,
مينا مارك,MINA MARK HOTEL,البحر الأحمر,الغردقة,
ميركيور الغردقة,MERCURE HURGHADA HOTEL,البحر الأحمر,الغردقة,
مارلين ان,MARLIN INN RESORT,البحر الأحمر,الغردقة,
ماجيك بيتش,MAGIC BEACH HOTEL,البحر الأحمر,الغردقة,
للى لاند,LILLY LAND HOTEL,البحر الأحمر,الغردقة,
لابراندا كلوب مكادى,Labranda Club Makadi,البحر الأحمر,الغردقة,
كينج توت,KING TUT HOTEL,البحر الأحمر,الغردقة,
الياسمين,JASMINE VILLAGE,البحر الأحمر,الغردقة,
سى جل الغردقة,HURGHADA SEAGULL,البحر الأحمر,الغردقة,
هورجادا جولدن بيتش,HURGHADA GOLDEN BEACH,البحر الأحمر,الغردقة,
هورايزون,HORIZON HOTEL,البحر الأحمر,الغردقة,
هاواى سيزار بالاس هوتيل اكوا بارك,HAWAI RIVIERA AQUA PARK RESORT,البحر الأحمر,الغردقة,
هاواى لوجاردان اكوا بارك,HAWAI LE JARDIN AQUA PARK RESORT,البحر الأحمر,الغردقة,
آلما باى,ALMA BAY,البحر الأحمر,الغردقة,
منتجع جراند,GRAND RESORT,البحر الأحمر,الغردقة,
جراند بيتش,GRAND BEACH,البحر الأحمر,الغردقة,
جولدن إيجيبت,GOLDEN EGYPT HOTEL,البحر الأحمر,الغردقة,
إيروتيل بالم بيتش,EUROTEL PALM BEACH RESORT,البحر الأحمر,الغردقة,
الآليزية,ELYSEES HOTEL,البحر الأحمر,الغردقة,
الجفتون,EL GIFTUN HOTEL,البحر الأحمر,الغردقة,
دايموند,DIAMOND RESORT,البحر الأحمر,الغردقة,
دافنشى,DAVINCI HOTEL,البحر الأحمر,الغردقة,
كورال بيتش,CORAL BEACH HOTEL,البحر الأحمر,الغردقة,
بوسيك اوتيل,BOSQUE HOTEL (Gardenia),البحر الأحمر,الغردقة,
بلاجيو بيتش ريزورت,BELLAGIO BEACH RESORT,البحر الأحمر,الغردقة,
بل اير,BEL AIR HOTEL,البحر الأحمر,الغردقة,
عربية,ARABIA HOTEL,البحر الأحمر,الغردقة,
آرابيلا,ARABELLA HOTEL,البحر الأحمر,الغردقة,
إيه أم سي هوتيل,AMC HOTEL,البحر الأحمر,الغردقة,
إخناتون بيلا فيستيا,AKHNATON BELLA VISTA,البحر الأحمر,الغردقة,
تيتانك السياحية,Titanic Resort,البحر الأحمر,الغردقة,
صن رايز اكوا جوى,SUNRISE AQUA JOY RESORT,البحر الأحمر,الغردقة,
ستيلا مكادي 2,STELLA MAKADI II RESORT,البحر الأحمر,الغردقة,
شدوان,SHEDWAN RESORT,البحر الأحمر,الغردقة,
جاز مكادينا,JAZ MAKADINA RESORT,البحر الأحمر,الغردقة,
جاز مكادي سرايا,JAZ MAKADI SARAYA,البحر الأحمر,الغردقة,
جاز مكادى سرايا بالمز,Jaz Makadi Saraya Palms,البحر الأحمر,الغردقة,
جاز مكادى اوازيس ريزورت,JAZ MAKADI OASIS RESORT,البحر الأحمر,الغردقة,
مكادي جاردن ريزورت,Makadi Gardens Resort,البحر الأحمر,الغردقة,
جاز مكادى جاردنز,Jaz Makadi Gardens Resort,البحر الأحمر,الغردقة,
جاز مكادى بلو,Jaz Makadi Blue Resort,البحر الأحمر,الغردقة,
الياسمين بالاس,JASMIN PALACE RESORT,البحر الأحمر,الغردقة,
ايبروتيل مكادى بيتش,Iberotel Makadi Beach Resort,البحر الأحمر,الغردقة,
هاواى سيزار بالاس هوتيل اكوا بارك,Hawai Caesar Palace Aqua Park Resort,البحر الأحمر,الغردقة,
جرافيتى سهل حشيش,GRAVITY SAHL HASHEESH,البحر الأحمر,الغردقة,
كيفز,CAVES RESORT,البحر الأحمر,الغردقة,
الباتروس اكوا بارك,AlBATROS AQUA PARK RESORT,البحر الأحمر,الغردقة,
علاء الدين بيتش,ALADDIN BEACH RESORT,البحر الأحمر,الغردقة,
تيتانيك بالأس,TITANIC PALACE HOTEL,البحر الأحمر,الغردقة,
تيتانيك بيتش,TITANIC BEACH RESORT,البحر الأحمر,الغردقة,
تيا هايتس مكادى باى,TIA HEIGHTS MAKADI BAY,البحر الأحمر,الغردقة,
ديزرت روز -وردة الصحراء,DESERT ROSE RESORT,البحر الأحمر,الغردقة,
تاج محل,TAJ MAHAL HOTEL,البحر الأحمر,الغردقة,
صن وينج ووتر وورلد,SUNWING WATERWORLD HOTEL,البحر الأحمر,الغردقة,
ستيلا مكادى,STELLA MAKADI HOTEL,البحر الأحمر,الغردقة,
سيرى بيتش ريزورت,Serry Beach Resort,البحر الأحمر,الغردقة,
سرينتى مكادى هايتس,SERENITY MAKADI HEIGHTS,البحر الأحمر,الغردقة,
سى ستار بوريفاج,SEA STAR BEAU RIVAGE,البحر الأحمر,الغردقة,
سمرا باي,SAMRA BAY HOTEL,البحر الأحمر,الغردقة,
منتجع رويال لاجونز,ROYAL LAGOONS RESORT,البحر الأحمر,الغردقة,
بيراميزا سهل حشيش,PYRAMISA SAHL HASHISH HOTEL,البحر الأحمر,الغردقة,
بريما لايف,PRIMA LIFE RESORT,البحر الأحمر,الغردقة,
بور ميريت,PORT MIRETTE,البحر الأحمر,الغردقة,
الفرعون ازور,PHARAOH AZUR HOTEL,البحر الأحمر,الغردقة,
القصر القديم,OLD PALACE HOTEL,البحر الأحمر,الغردقة,
نوبيا,NUBIA HOTEL,البحر الأحمر,الغردقة,
المملوك بالاس,MAMLOUK PALACE HOTEL,البحر الأحمر,الغردقة,
مكادي صبا,MAKADI SPA HOTEL,البحر الأحمر,الغردقة,
مكادى بالاس,MAKADI PALACE HOTEL,البحر الأحمر,الغردقة,
لونج بيتش,LONG BEACH HOTEL,البحر الأحمر,الغردقة,
لابراندا رويال مكادى,Labranda Royal Makadi,البحر الأحمر,الغردقة,
كاى صول رومانس,KaiSol Romance Hotel,البحر الأحمر,الغردقة,
جاز مكادى ستار أند سبا,JAZ MAKADI STAR & SPA RESORT,البحر الأحمر,الغردقة,
هوليدايز,HOLIDAYS HOTEL,البحر الأحمر,الغردقة,
جراند مكادى,GRAND MAKADI HOTEL,البحر الأحمر,الغردقة,
جولدن فايف,GOLDEN 5 HOTEL,البحر الأحمر,الغردقة,
بلوباى بيتش فورت ارابيسك,FORT ARABESQUE BLUE BAY,البحر الأحمر,الغردقة,
كليوباترا للمنتجعات الفاخرة,CLEOPATRA LUXURY HOTEL,البحر الأحمر,الغردقة,
قرية علي بابا,ALI BABA VILLAGE,البحر الأحمر,الغردقة,
الف ليله وليله نيفر لاند 2,Alf Leila Wa Leila Neverland 2,البحر الأحمر,الغردقة,
الماس بالاس,AL MAS PALACE HOTEL,البحر الأحمر,الغردقة,
وايت بيتش,WHITE BEACH RESORT,البحر الأحمر,الغردقة,
شتاجنبرجر مكادي,Steigenberger Makadi Resort,البحر الأحمر,الغردقة,
شتايجنبرجر أكوا ماجيك,Steigenberger Aqua Magic Resort,البحر الأحمر,الغردقة,
تيتانيك رويال,TITANIC ROYAL,البحر الأحمر,الغردقة,
جنجل أكوا بارك نيفر لاند,Jungle Aqua Park Neverland Resort,البحر الأحمر,الغردقة,
جاز كازا دلمار,JAZ CASA DEL MAR RESORT,البحر الأحمر,الغردقة,
جاز اكوا فيفا,JAZ AQUAVIVA RESORT,البحر الأحمر,الغردقة,
جاز اكوا مارينا,JAZ AQUAMARINE RESORT,البحر الأحمر,الغردقة,
هيلتون بلازا,HILTON PLAZA RESORT,البحر الأحمر,الغردقة,
هاواى باراديس اكوا بارك ريزورت,Hawai Paradise Aqua Park Resort,البحر الأحمر,الغردقة,
جراند بالاس,GRAND PALACE RESORT,البحر الأحمر,الغردقة,
بلو سبا,BLU SPA RESORT,البحر الأحمر,الغردقة,
بيتش الباتروس,BEACH ALBATROS RESORT,البحر الأحمر,الغردقة,
اكوابلو اكوافيستا,Aqua Blue Aqua Vista Resort,البحر الأحمر,الغردقة,
الباتروس بالأس,ALBATROS PALACE RESORT,البحر الأحمر,الغردقة,
تروبيتل سهل حشيش,TROPITEL SAHL HASHISH HOTEL,البحر الأحمر,الغردقة,
اوبروى سهل حشيش,THE OBEROI SAHL HASHISH,البحر الأحمر,الغردقة,
صن رايز كريستال باى,SUNRISE CRYSTAL BAY RESORT,البحر الأحمر,الغردقة,
شتايجنبرجر الداو بيتش,STEIGENBERGER AL DAU BEACH,البحر الأحمر,الغردقة,
صن رايز رويال مكادى,SUN RISE ROYAL MAKADI RESORT,البحر الأحمر,الغردقة,
منتجع سويس ان الغردقة,Swiss Inn Resort Hurghada,البحر الأحمر,الغردقة,
جاردن بيتش,GARDEN BEACH RESORT,البحر الأحمر,الغردقة,
منتجع كونتيننتال الغردقة,CONTINENTAL HURGHADA RESORT,البحر الأحمر,الغردقة,
ريكسوس بريميوم مجاويش,Rixos Premium Magawish Resort,البحر الأحمر,الغردقة,
بريمير لوريف,PREMIER LE REVE RESORT,البحر الأحمر,الغردقة,
دانا بيتش,DANA BEACH RESORT,البحر الأحمر,الغردقة,
البارون بالاس,BARON PALACE RESORT,البحر الأحمر,الغردقة,
الباتروس سيتادل,ABATROS CITADEL RESORT,البحر الأحمر,الغردقة,
بانوراما بانجلوز ريزورت الجونة,Panorama Bungalows Resort El Gouna,البحر الأحمر,الجونة,
ترتيلز أن,TURTLE'S INN HOTEL,البحر الأحمر,الجونة,
موازييك,MOSAIQUE HOTEL,البحر الأحمر,الجونة,
فنادير,FANADIR HOTEL,البحر الأحمر,الجونة,
كابتن ان,CAPTAIN'S INN HOTEL,البحر الأحمر,الجونة,
علي باشا,ALI PASHA HOTEL,البحر الأحمر,الجونة,
سلطان بك,SULTAN BEY HOTEL,البحر الأحمر,الجونة,
ثري كورنرز ريحانه ريزورت,The Three Corners Rihana Resort,البحر الأحمر,الجونة,
دوار العمدة,DAWAR EL OMDA HOTEL,البحر الأحمر,الجونة,
كوكس كلوب,Cook’s Club Resort,البحر الأحمر,الجونة,
انشنت ساند,ANCIENT SANDS HOTEL,البحر الأحمر,الجونة,
أوشن فيو ثرى كورنر,OCEAN VIEW THREE CORNERS,البحر الأحمر,الجونة,
موفنبيك الجونة,MOVENPICK EL GOUNA,البحر الأحمر,الجونة,
كلوب باراديسيو,CLUB PARADISIO HOTEL,البحر الأحمر,الجونة,
شيدى الجونة,The Chedi El Gouna Resort,البحر الأحمر,الجونة,
كازا كوك,CASA COOK RESORT,البحر الأحمر,الجونة,
شتايجن بيرجر الجولف ريزورت,STEIGENBERGER GOLF RESORT,البحر الأحمر,الجونة,
شيراتون ميرامارالجونة,Sheraton Miramar El Gouna,البحر الأحمر,الجونة,
لاميزون بلو,La Maison Bleue Boutique,البحر الأحمر,الجونة,
سارة,SARAH CAMP,جنوب سيناء,دهب,
لاجونا دهب,LAGONA VILLAGE DAHAB,جنوب سيناء,دهب,
ديارنا,DYARNA DAHAB HOTEL,جنوب سيناء,دهب,
القمر البدوى,BEDOUIN MOON HOTEL,جنوب سيناء,دهب,
اميجو دهب,AMIGO RESORT DAHAB,جنوب سيناء,دهب,
نيو نسيمة,NEW NESIMA RESORT,جنوب سيناء,دهب,
لارين دهب,LA REINE DAHAB HOTEL,جنوب سيناء,دهب,
مخيم انمو,INMO HOTEL,جنوب سيناء,دهب,
بلو بيتش,BLUE BEACH HOTEL,جنوب سيناء,دهب,
روكيتا,ROCKETA HOTEL,جنوب سيناء,دهب,
اوريكانا,ORICANA HOTEL,جنوب سيناء,دهب,
جنة سينا,GANET SINAI HOTEL,جنوب سيناء,دهب,
دانيلا دهب,DANIELA DAHAB VILLAGE,جنوب سيناء,دهب,
كورال كوست,CORAL COAST HOTEL,جنوب سيناء,دهب,
كريستينا بيتش بالاس,CHRISTINA BEACH PALACE HOTEL,جنوب سيناء,دهب,
سويس ان,SWISS INN RESORT DAHAB,جنوب سيناء,دهب,
دهب باراديز,DAHAB PARADISE RESORT,جنوب سيناء,دهب,
اكاسيا,ACACIA HOTEL,جنوب سيناء,دهب,
تروبيتال واحة دهب,TROPITEL DAHAB OASIS RESORT,جنوب سيناء,دهب,
باندا ريزورت,PANDA RESORT,جنوب سيناء,دهب,
هابى لايف,HAPPY LIFE HOTEL,جنوب سيناء,دهب,
جاز دهبية,JAZ DAHABEYA RESORT,جنوب سيناء,دهب,
ايكو تيل دهب باى فيو ريزورت اند سبا,Ecotel Dahab Bay View Resort,جنوب سيناء,دهب,
قرية دهب السياحية,Dahab Touristic Village (tirana dahab),جنوب سيناء,دهب,
سفير دهب ريزورت,SAFIR DAHAB RESORT,جنوب سيناء,دهب,
مريديان دهب,LE MERIDIEN DAHAB RESORT & SPA,جنوب سيناء,دهب,
بورتو ساوس بيتش,Porto South Beach,السويس,العين السخنة,
بورتريه السخنة,EL SOKHNA PORTRAIT HOTEL,السويس,العين السخنة,
اميجو ريزورت 2,AMIGO RESORT II,السويس,العين السخنة,
واحة مينا,MENA OASIS HOTEL,السويس,العين السخنة,
مارنا وادى دجلة,MARINA WADI DEGLA HOTEL,السويس,العين السخنة,
جيت بيتش,JET BEACH RESORT,السويس,العين السخنة,
الوادى,EL WADI HOTEL,السويس,العين السخنة,
بلو مار الدوم,BLUMAR EL DOME HOTEL,السويس,العين السخنة,
رومانس بيتش ريزورت,ROMANCE Beach RESORT,السويس,العين السخنة,
ريتال فيو,RETAL VIEW HOTEL,السويس,العين السخنة,
بالميرا,PALMERA RESORT,السويس,العين السخنة,
مارينا وادى الدوم,DOME MARINA HOTEL,السويس,العين السخنة,
كانكون,CANCUN HOTEL,السويس,العين السخنة,
الماونتن بارك,MOUNTAIN PARK CAMP,السويس,العين السخنة,
الجبل,EL JABAL BOUTIQUE,السويس,العين السخنة,
بورتو السخة,PORTO SOKHNA RESORT,السويس,العين السخنة,
بلان اوتيل سى كلوب,PLAN SEA CLUB RESORT,السويس,العين السخنة,
جاز ليتل فينس,JAZ LITTLE VENICE RESORT,السويس,العين السخنة,
بستان السخنة,BOSTAN AL SOKHNA RESORT ( Coral Sea),السويس,العين السخنة,
ستيلا دى مارى,STELLA DI MARE RESORT,السويس,العين السخنة,
جولف ستيلا دي مارى,STELLA DI MARE GOLF RESORT,السويس,العين السخنة,
العين ريزورت 1 ادارة موفنبيك,El EIN RESORT1 - MOVENPICK,السويس,العين السخنة,
تيدا,TEDA HOTEL,السويس,العين السخنة,
تان اوك,TANOAK HOTEL,السويس,العين السخنة,
لاسرينا 2,,السويس,العين السخنة,
جراند اوشن,GRAND OCEAN HOTEL,السويس,العين السخنة,
الفنار,EL FANAR HOTEL,السويس,العين السخنة,
مارينا,MARINA HOTEL,الشرقية,,
ميريتا العاشر,MIRITA HOTEL,الشرقية,العاشر من رمضان,
بانوراما الدلتا,PANORAMA DELTA HOTEL,الغربية,طنطا,
عرفه الجديد,NEW ARAFA HOTEL,الغربية,طنطا,
جرين هاوس,GREEN HOUSE HOTEL,الغربية,طنطا,
سمر بالاس,SUMMER PALACE HOTEL,السويس,السويس,
ردسى,RED SEA HOTEL,السويس,السويس,
جرين هاوس,GREEN HOUSE HOTEL,السويس,السويس,
سيوه سفارى بارادايس,SIWA SAFARI PARADISE,,سيوه,
غاليت,GHALIET HOTEL - Eco Lodge,,سيوه,
سيوة شالى ريزورت,SHALI RESORT,,سيوه,
دهيبة,DEHIBA HOTEL,,سيوه,
تازيرى البيئى,TAZIRY HOTEL -Eco Lodge,,سيوه,
ادرال املال,ADRERE AMELLAL HOTEL -Eco Lodge,,سيوه,
سافوى,SAVOY HOTEL,بورسعيد,بورسعيد,
نيوكونتينتال,NEW CONTINENTAL HOTEL,بورسعيد,بورسعيد,
دى لا بوست,DE LA POSTE HOTEL,بورسعيد,بورسعيد,
بانوراما,PANORAMA PORT SAID HOTEL,بورسعيد,بورسعيد,
قرية النورس,NORAS VILLAGE,بورسعيد,بورسعيد,
نيو ريجنت,NEW REGENT HOTEL,بورسعيد,بورسعيد,
هوليداى,HOLIDAY HOTEL,بورسعيد,بورسعيد,
ريستا,RESTA PORT SAID HOTEL,بورسعيد,بورسعيد,
بورسعيد مصر للسياحة,PORT SAID MISR TRAVEL,بورسعيد,بورسعيد,
أراكان بورسعيد,ARACAN PORT SAID,بورسعيد,بورسعيد,
آتون المنيا,ATON HOTEL,المنيا,المنيا,
لوتس,LOTUS HOTEL,المنيا,المنيا,
كليوباترا,CLEOPATRA HOTEL,المنيا,المنيا,
نفرتيتى,NEFERTITI HOTEL,المنيا,المنيا,
سيستا مارينا,SIESTA MARINA HOTEL,,الساحل الشمالى,
جولف بورتو مارينا,GOLF PORTO MARINA HOTEL,,الساحل الشمالى,
ريتال فيو,RETAL VIEW HOTEL,,الساحل الشمالى,
اوشن بلو,OCEAN BLUE HOTEL,,الساحل الشمالى,
ايوس ( IOS ),IOS HOTEL,,الساحل الشمالى,
السلام ريزورت اند سبا,El Salam Resort & SPA,,الساحل الشمالى,
شاطى عايدة,AIDA BEACH HOTEL,,الساحل الشمالى,
لابلايا,LA PLAYA ALAMEIN RESORT,,الساحل الشمالى,
بلو مار,BLUMAR HOTEL,,الساحل الشمالى,
سيزار باى,CAESAR BAY RESORT,,الساحل الشمالى,
راكتوس,RHACTUS HOTEL,,الساحل الشمالى,
ريكسوس العلمين,RIXOS ALAMEIN HOTEL,,الساحل الشمالى,
بورتو مارينا,PORTO MARINA HOTEL,,الساحل الشمالى,
ذا جى,THE G RESORT,,الساحل الشمالى,
ذا ادريس H6,H6-The Address Hotel,,الساحل الشمالى,
العلمين,AL ALAMEIN HOTEL,,الساحل الشمالى,
هنى مون,HONEY MOON HOTEL,,مرسي مطروح,
كونكورد بيتش كلوب,CONCORD BEACH CLUB,,مرسي مطروح,
سانتا مونيكا,SANTA MONICA RESORT,,الساحل الشمالى,
ريفيرا بالاس,RIVERA PALACE HOTEL,,مرسي مطروح,
المنتزه,EL MONTAZA HOTEL,,الساحل الشمالى,
نجرسكو,NEGRESCO HOTEL,,مرسي مطروح,
لاس فيجاس,LAS VEGAS HOTEL,,مرسي مطروح,
البوسيت ( نيو بوسيت ),BEAU SITE HOTEL,,مرسي مطروح,
عروس البحر,AROUSS EL BAHR HOTEL,,مرسى مطروح,
جاز تمارينا,JAZ TAMERINA HOTEL,,مرسي مطروح,
بل فيو,BEL VIEW HOTEL,,مرسى مطروح,
كارلوز بورريفاج بيش,CAROLS BEAURIVAGE HOTEL,,مرسى مطروح,
جاز كريستال,JAZ CRYSTAL RESORT,,الساحل الشمالى,
جاز الماظه بيتش ريزورت,JAZ ALMAZA BEACH RESORT,,الساحل الشمالى,
رويال,ROYAL HOTEL,,المنصورة,
مكة,MECCA TOURISTIC HOTEL,,المنصورة,
القاهره الكبرى,EL- KAHERA EL-KOBRA HOTEL,,المنصورة,
مارشال المحطه,MARSHAL HOTEL,,المنصورة,
مارشال الجزيرة,MARSHAL EL GEZIRAH HOTEL,,المنصورة,
الجامعه المنصوره,MANSOURA UNIVERSITY HOTEL,,المنصورة,
نيو بالاس (قنا),NEW PALACE HOTEL,قنا,,
بسمه (قنا),BASMA HOTEL,قنا,,
مخيم الرزيقى,REZEIKY CAMP,الأقصر,الأقصر,
قديس,GADDIS HOTEL,الأقصر,الأقصر,
سوسنا,SUSANNA HOTEL,الأقصر,الأقصر,
صن ست,SUN SET HOTEL,الأقصر,الأقصر,
سان جوزيف,ST.JOSEPH HOTEL,الأقصر,الأقصر,
شادى,SHADY HOTEL,الأقصر,الأقصر,
فيليب,PHILIPPE HOTEL,الأقصر,الأقصر,
نيو سانت كاترين,NEW SAINT CATHEIRNE HOTEL,الأقصر,الأقصر,
ميريلاند,MERRYLAND HOTEL,الأقصر,الأقصر,
الكرنك,KARNAK HOTEL,الأقصر,الأقصر,
اربيسك,ARABESQUE HOTEL,الأقصر,الأقصر,
رويال هاوس,ROYAL HOUSE HOTEL,الأقصر,الأقصر,
كوينز فالى,QUEENS VALLEY HOTEL,الأقصر,الأقصر,
نيو بولا,NEW POLA HOTEL,الأقصر,الأقصر,
موريس,MORRIS HOTEL,الأقصر,الأقصر,
اميليو,EMILIO HOTEL,الأقصر,الأقصر,
الجزيره جاردن,EL GEZIRA GARDENS HOTEL,الأقصر,الأقصر,
ابروتيل الاقصر,IBEROTEL LUXOR HOTEL,الأقصر,الأقصر,
ايزيس,ISIS LUXOR HOTEL,الأقصر,الأقصر,
إيتاب الأقصر,EATABE LUXOR HOTEL,الأقصر,الأقصر,
المديرة,AL MOUDIRA HOTEL,الأقصر,الأقصر,
شتايجنبرجرنايل بالاس,STEIGENBERGER NILE PALACE HOTEL,الأقصر,الأقصر,
شتايجنبرجر ريزورت اشتى الاقصر,STEIGENBERGER ACHTI LUXOR RESORT,الأقصر,الأقصر,
سونستا سان جورج,SONESTA ST. GEORGE HOTEL LUXOR,الأقصر,الأقصر,
ميركيور الكرنك,MERCURE LUXOR KARNAK RESORT,الأقصر,الأقصر,
جولى فيل,JOLIE VILLE RESORT,الأقصر,الأقصر,
ونتر بالاس الاقصر,Winter Palace Hotel - Heritage,الأقصر,الأقصر,
هيلتون الاقصر,HILTON LUXOR HOTEL & SPA,الأقصر,الأقصر,
الواحة,OASIS MOTEL,الفيوم,الفيوم,
هنى داى,HONEY DAY HOTEL,الفيوم,الفيوم,
نيو بانوراما شكشوك,NEW PANORAMA SHAKSHOUK,الفيوم,,
هلنان اوبرج الفيوم,HELNAN AUBERGE HOTEL,الفيوم,,
لازيب,LAZIB BOUTIQUE,الفيوم,,
ميركيور الاسماعيلية,MERCURE ISMAILIA HOTEL,,الاسماعليه,
سيكس كورنرز,SIX CORNERS HOTEL,,فايد,
شموسة,SHAMOUSSA HOTEL,,فايد,
بالما أبو سلطان,PALMA ABU SULTAN VILLAGE,,فايد,
بونيتا,BONITA VILLAGE,,فايد,
المرجان,EL MORGAN HOTEL,,فايد,
مخيم طابونة,TABYNEH CAMP,الوادي الجديد,الوادى الجديد,
رضوان - الخارجة,RADWAN HOTEL,الوادي الجديد,الوادى الجديد,
الفرسان - الداخلة,EL FORSAN HOTEL,الوادي الجديد,الوادى الجديد,
اكوا صن الفرافرة,AQUA SUN FARAFRA,الوادي الجديد,الوادى الجديد,
مبارز,MEBAREZ TOURIST HOTEL,الوادي الجديد,الوادى الجديد,
حمد الله السياحي,HAMADALLA HOTEL,الوادي الجديد,الوادى الجديد,
الخارجة,EL KHARGA HOTEL,الوادي الجديد,الوادى الجديد,
قرية البدو,BEDOUIN VILLAGE,الوادي الجديد,الوادى الجديد,
ديزرت لودج,DESERT LODGE HOTEL,الوادي الجديد,الوادى الجديد,
البدوية الفرافرة,BADAWIYA HOTEL FARAFRA,الوادي الجديد,الوادى الجديد,
البدوية الداخلة,BADAWIYA HOTEL DAKHLA,الوادي الجديد,الوادى الجديد,
الرواد,PIONEERS HOTEL,الوادي الجديد,الوادى الجديد,
لودج الطرفة,AL TARFA LODGE HOTEL,الوادي الجديد,الوادى الجديد,
الشاطى الجديد,EL SHATEE EL GADEED HOTEL,دمياط,راس البر,
المبشر,EL MOBASHER HOTEL,دمياط,راس البر,
الامام,EL EMAM HOTEL,دمياط,راس البر,
الالفى,AL ALFI TOURISTIC HOTEL,دمياط,راس البر,
ابو طبل,ABU TABL HOTEL,دمياط,راس البر,
جراند راس البر,GRAND RAS EL BAR HOTEL,دمياط,راس البر,
جرين هاوس,GREEN HOUSE HOTEL,دمياط,راس البر,
السلام,EL SALAM HOTEL,دمياط,راس البر,
المدينه المنورة,EL MADINA EL MONAWARA HOTEL,دمياط,راس البر,
بوريفاج,BEAU RIVAGE HOTEL,دمياط,راس البر,
طيبة,TIBA HOTEL,دمياط,راس البر,
عمر الخيام,OMAR EL KHAIAM HOTEL,دمياط,راس البر,
دولفين ان,DOLPHIN INN HOTEL,دمياط,راس البر,
دولفين ان,DOLPHIN INN HOTEL,دمياط,راس البر,
شتايجنبرجر اللسان,STEIGENBERGER EL LESSAN HOTEL,دمياط,راس البر,
سليمان,SOLIMAN HOTEL,دمياط,دمياط,
لامار,LAMAR HOTEL,دمياط,,
سميراميس بني سويف,SEMIRAMIS HOTEL,بني سويف,بنى سويف,
النهر,EL NAHR HOTEL,العاصمة الإدارية,اسيوط,
اخناتون,AKHENATEN HOTEL,العاصمة الإدارية,اسيوط,
ريم,REEM HOTEL,العاصمة الإدارية,اسيوط,
بدر,BADR HOTEL,العاصمة الإدارية,اسيوط,
اسيوتيل,ASSIUTEL HOTEL,العاصمة الإدارية,اسيوط,
الوطنية بالاس,AL WATANIA PALACE HOTEL,العاصمة الإدارية,اسيوط,
سينا بيتش,SINAI BEACH HOTEL,شمال سيناء,العريش,
بالم بلازا,PALM PLAZA VILLAGE,شمال سيناء,العريش,
مكة,MECCA HOTEL,شمال سيناء,العريش,
سينا صن,SINAI SUN HOTEL,شمال سيناء,العريش,
منتجع العريش - سويس ان,EL ARISH RESORT,شمال سيناء,العريش,
كورال بيتش,CORAL BEACH AL ARISH,شمال سيناء,العريش,
رمسيس,RAMSIS HOTEL,الأسكندرية,الاسكندرية,
نيو كابرى,NEW CAPRI HOTEL,الأسكندرية,الاسكندرية,
هوليداى,HOLIDAY HOTEL,الأسكندرية,الاسكندرية,
جرين بلازا ان,GREEN PLAZA INN HOTEL,الأسكندرية,الاسكندرية,
يونيون,UNION HOTEL,الأسكندرية,الاسكندرية,
سى ستار,SEA STAR HOTEL,الأسكندرية,الاسكندرية,
ريجنسى,REGENCY HOTEL,الأسكندرية,الاسكندرية,
مكة,MECCA HOTEL,الأسكندرية,الاسكندرية,
مرحبا,MARHABA HOTEL,الأسكندرية,الاسكندرية,
المعمورة بالاس,MAMURA PALACE HOTEL,الأسكندرية,الاسكندرية,
اللؤلؤة,PEARL HOTEL,الأسكندرية,الاسكندرية,
موتيل كينج ماريوط,KING MARIOUT MOTEL,الأسكندرية,الاسكندرية,
جدة,JEDDAH HOTEL,الأسكندرية,الاسكندرية,
المدينة المنورة,EL MADINA EL MONAWARA HOTEL,الأسكندرية,الاسكندرية,
الحرم,EL HARAM HOTEL,الأسكندرية,الاسكندرية,
سان جيوفانى,SAN GIOVANNI HOTEL,الأسكندرية,الاسكندرية,
باناسيا,PANACEA HOTEL,الأسكندرية,الاسكندرية,
لاجون,LAGOON HOTEL,الأسكندرية,الاسكندرية,
قاعود,KAOUD SPORTING HOTEL,الأسكندرية,الاسكندرية,
دلتا,DELTA HOTEL,الأسكندرية,الاسكندرية,
امون,AMOUN HOTEL,الأسكندرية,الاسكندرية,
ايفو هورايزون,AIFU HORIZON RESORT,الأسكندرية,الاسكندرية,
ادهم كومباوند,ADHAM COMPOUND,الأسكندرية,الاسكندرية,
شتايجنبرجر سيسل,STEIGENBERGER CECIL HOTEL,الأسكندرية,الاسكندرية,
شيراتون المنتزة,SHERATON MONTAZAH HOTEL,الأسكندرية,الاسكندرية,
رومانس كورنيش الاسكندرية,Romance Corniche Alexandria (Eatabe),الأسكندرية,الاسكندرية,
بلازا,PLAZA HOTEL,الأسكندرية,الاسكندرية,
بارادايس ان وندسور بالاس,PARADISE INN WINDSOR HOTEL,الأسكندرية,الاسكندرية,
بارادايس ان متروبول,PARADISE INN METROPOLE HOTEL,الأسكندرية,الاسكندرية,
بارادايس ان بيتش المعمورة,PARADISE INN BEACH RESORT MAMOURA,الأسكندرية,الاسكندرية,
افريكانا,AFRICANA HOTEL,الأسكندرية,الاسكندرية,
سان رايز اليكس افينو هوتيل,SUNRISE ALEX AVENUE HOTEL,الأسكندرية,الاسكندرية,
راديسون بلو الاسكندرية,RADISSON BLU HOTEL ALEXANDRIA,الأسكندرية,الاسكندرية,
هلنان فلسطين,PALESTINE HOTEL,الأسكندرية,الاسكندرية,
ابروتيل برج العرب,IBEROTEL BORG EL ARAB RESORT,الأسكندرية,الاسكندرية,
هيلتون جرين بلازا,HILTON GREEN PLAZA HOTEL,الأسكندرية,الاسكندرية,
هيلتون كورنيش,HILTON CORNICHE ALEXANDRIA,الأسكندرية,الاسكندرية,
فور سيزون سان استيفانو,FOUR SEASONS SAN STEFANO,الأسكندرية,الاسكندرية,
قصر السلاملك,EL-SALAMLEK PALACE HOTEL & CASINO,الأسكندرية,الاسكندرية,
كينج رانش,KING'S RANCH HOTEL,الأسكندرية,الاسكندرية,
بيت التراث النوبى - اسكالية,"NUBIAN TRADITIONAL HOUSE "" ESKALEH""",أسوان,ابو سمبل,
سارة,SARA HOTEL,أسوان,ابو سمبل,
اوسكار,OSCAR HOTEL,أسوان,ابو سمبل,
اناكاتو,ANAKATO HOTEL,أسوان,ابو سمبل,
نادى التطبيقيين,APPLICATORS HOTEL,أسوان,اسوان,
اوبلسك نايل اوتيل,OBELISK NILE HOTEL,أسوان,اسوان,
مرحبا,MARHABA HOTEL,أسوان,اسوان,
كليوباترا,CLEOPATRA HOTEL,أسوان,اسوان,
بسمة أسوان,BASMA HOTEL,أسوان,اسوان,
سيتى ابو سمبل,SETI ABU SIMBEL HOTEL,أسوان,اسوان,
نفرتارى ابو سمبل,NEFERTARI HOTEL,أسوان,اسوان,
جزيرة ايزيس,ISIS ISLAND HOTEL,أسوان,اسوان,
كتراكت الجديد,NEW CATARACT Hotel,أسوان,اسوان,
موفنبيك أسوان,MOVENPICK ASWAN,أسوان,اسوان,
قرية امون,AMOUN VILLAGE,أسوان,اسوان,
طيبة,TIBA HOTEL,أسوان,اسوان,
سيتى ماكس,CITY MAX,أسوان,اسوان,
كتراكت القديم,Old Cataract Hotel - Heritage,أسوان,اسوان,
الفاندوم,Vendome HOTEL,الجيزة,الجيزة,
التونسى,Tonsy HOTEL,الجيزة,الجيزة,
سقارة كانترى كلوب,SAKKARA COUNTRY CLUB & HOTEL,الجيزة,الجيزة,
روز,ROSE HOTEL,الجيزة,الجيزة,
مينا بالاس,MENA PALACE HOTEL,الجيزة,الجيزة,
كينو,KINOW HOTEL,الجيزة,الجيزة,
دريمرز,DREAMERS HOTEL,الجيزة,الجيزة,
أبو الهول,ABULHOAL HOTEL,الجيزة,الجيزة,
زايد,ZAYED HOTEL,الجيزة,الجيزة,
طيبة بيراميدز,TIBA PYRAMIDS HOTEL,الجيزة,الجيزة,
اورا ان,URA IN,الجيزة,الجيزة,
ستاى ان ان,STAY INN HOTEL (Caroline Crillon),الجيزة,الجيزة,
سان جورج,ST. GEORGE HOTEL,الجيزة,الجيزة,
سانتانا,SANTANA HOTEL,الجيزة,الجيزة,
سلمى,SALMA HOTEL,الجيزة,الجيزة,
فيروجت,PHARAOH EGYPT HOTEL,الجيزة,الجيزة,
نوران,NORAN HOTEL,الجيزة,الجيزة,
مايوركا,MAYORCA HOTEL,الجيزة,الجيزة,
حور محب,HORMOHEB HOTEL,الجيزة,الجيزة,
هوليداى اكسبريس,HOLIDAY EXPRESS HOTEL,الجيزة,الجيزة,
المنار,EL MANAR HOTEL,الجيزة,الجيزة,
كونكورد,CONCORDE HOTEL,الجيزة,الجيزة,
كايرو كمودور,CAIRO COMODOR HOTEL,الجيزة,الجيزة,
رويال داى,ROYAL DAY HOTEL,الجيزة,الجيزة,
ارورا ان,ARORA INN,الجيزة,الجيزة,
صن رايز - إدارة كتراكت,SUN RISE - Cataract Management,الجيزة,الجيزة,
سولكس انترناشونال,SOLUXE INTERNATIONAL HOTEL,الجيزة,الجيزة,
جولف سلمانية,SOLAIMANEYAH GOLF RESORT,الجيزة,الجيزة,
شهر زاد,SHEHERAZADE HOTEL,الجيزة,الجيزة,
بيراميدز,PYRAMIDS HOTEL,الجيزة,الجيزة,
الفراعنة,PHARAOHS HOTEL,الجيزة,الجيزة,
بالم كلوب,PALM CLUB,الجيزة,الجيزة,
نيو مروة,NEW MARWA HOTEL,الجيزة,الجيزة,
مروة بالاس,MARWA PALACE HOTEL,الجيزة,الجيزة,
كينج,KING HOTEL,الجيزة,الجيزة,
ستاى ان بيراميدز,Stay Inn Pyramids hotel,الجيزة,الجيزة,
كانزى,KANZY HOTEL,الجيزة,الجيزة,
انديانا,INDIANA HOTEL,الجيزة,الجيزة,
هافانا,HAVANA HOTEL,الجيزة,الجيزة,
جراند بيراميدز,GRAND PYRAMIDS HOTEL,الجيزة,الجيزة,
جوهرة الاهرام,GAWHRAT AL AHRAM HOTEL,الجيزة,الجيزة,
امارنت بيراميدز,AMARANTE PYRAMIDS HOTEL,الجيزة,الجيزة,
الاهرامات الثلاثة,THREE PYRAMIDS HOTEL,الجيزة,الجيزة,
الواحة,THE OASIS HOTEL,الجيزة,الجيزة,
سويس ان بيراميدز جولف ريزورت 6أكتوبر,SWISS INN PYRAMIDS GOLF RESORT,الجيزة,الجيزة,
بيراميدز بارك,PYRAMIDS PARK HOTEL,الجيزة,الجيزة,
نوفيتيل 6 أكتوبر,Novotel Cairo 6th of October,الجيزة,الجيزة,
ميركيور سفنكس,MERCURE LE SPHINX HOTEL,الجيزة,الجيزة,
جولدن ان,GOLDEN INN HOTEL,الجيزة,الجيزة,
النبيلة كايرو,AL NABILA CAIRO HOTEL,الجيزة,الجيزة,
شتايجنبرجر بيراميدز كايرو,STEIGENBERGER PYRAMIDS CAIRO,الجيزة,الجيزة,
شيراتون القاهرة,SHERATON CAIRO HOTEL,الجيزة,الجيزة,
سفير القاهرة,SAFIR CAIRO HOTEL,الجيزة,الجيزة,
بيرميزا القاهرة,PYRAMISA Cairo HOTEL,الجيزة,الجيزة,
موفنبيك 6 أكتوبر,MOVENPICK 6th OF OCTOBER CITY,الجيزة,الجيزة,
ماريوت مينا هاوس,MARRIOTT MENA HOUSE HOTEL,الجيزة,الجيزة,
مريديان بيراميدز,LE MERIDIEN PYRAMIDS HOTEL,الجيزة,الجيزة,
هيلتون بيراميدز جولف ريزورت,HILTON PYRAMIDS GOLF RESORT,الجيزة,الجيزة,
هلنان دريم لاند للمؤتمرات,HELNAN DREAMLAND HOTEL,الجيزة,الجيزة,
فورسيزونز القاهرة,FOUR SEASONS HOTEL CAIRO,الجيزة,الجيزة,
حياه ريجنسى كايرو ويست,HYATT REGENCY CAIRO WEST,الجيزة,الجيزة,
كراون بلازا ويست كايرو,Crown Plaza West Cairo,الجيزة,الجيزة,
سفارى كامب,Safari Camp,الجيزة,الواحات البحرية,
بانوراما الواحة,Oasis Panorama Hotel,الجيزة,الواحات البحرية,
العين السخنة,Ain Sokhna Hotel,الجيزة,الواحات البحرية,
وادى النخيل,Palm Valley Hotel,الجيزة,الواحات البحرية,
سكاربية,SCARABEE HOTEL,القاهرة,القاهرة,
رضوان,RADWAN HOTEL,القاهرة,القاهرة,
نيتو كريس,NITOCRISSE HOTEL,القاهرة,القاهرة,
النيل زمالك,NILE ZAMALEK HOTEL,القاهرة,القاهرة,
نيو اوتيل,NEW HOTEL,القاهرة,القاهرة,
ماكسيم,MAXIM HOTEL,القاهرة,القاهرة,
اللوتس,LOTUS HOTEL,القاهرة,القاهرة,
حوريس,HORRIS HOTEL,القاهرة,القاهرة,
هوليداى هوم,HOLIDAY HOME HOTEL,القاهرة,القاهرة,
هليو كايرو,HELIO CAIRO HOTEL,القاهرة,القاهرة,
هابى دريمز,HAPPY DREAMS HOTEL,القاهرة,القاهرة,
جرين فالى,GREEN VALLEY HOTEL,القاهرة,القاهرة,
جولدن بارك,GOLDEN PARK HOTEL,القاهرة,القاهرة,
الحسين,EL HUSSEIN HOTEL,القاهرة,القاهرة,
عبيد هاوس,EBEID HOUSE HOTEL,القاهرة,القاهرة,
تشاو,CIAO HOTEL,القاهرة,القاهرة,
شانزليزية,CHAMPS ELYSEES HOTEL,القاهرة,القاهرة,
كابسيس بالاس,CAPSIS PALACE HOTEL,القاهرة,القاهرة,
امباسادور,AMBASSADOR HOTEL,القاهرة,القاهرة,
تيوليب,TULIP HOTEL,القاهرة,القاهرة,
تاليزمان,TALISMAN HOTEL,القاهرة,القاهرة,
بريذدنت,PRESIDENT HOTEL,القاهرة,القاهرة,
اميه,OMAYAD HOTEL,القاهرة,القاهرة,
اوديون بالاس,ODEON PALACE HOTEL,القاهرة,القاهرة,
اوازيس,OASIS HOTEL,القاهرة,القاهرة,
النيل جاردن,NILE GARDEN HOTEL,القاهرة,القاهرة,
نيو بريذدنت,NEW PRESIDENT HOTEL,القاهرة,القاهرة,
هورس هاوس,HORUS HOUSE HOTEL,القاهرة,القاهرة,
هليو بارك,HELIOPARK HOTEL,القاهرة,القاهرة,
هابيتون,HAPPYTON HOTEL,القاهرة,القاهرة,
جولدن كارفن,GOLDEN KARVIN HOTEL,القاهرة,القاهرة,
كليوباترا,CLEOPATRA HOTEL,القاهرة,القاهرة,
كارلتون,CARLTON HOTEL,القاهرة,القاهرة,
سيزار بالاس,CESAR'S PALACE HOTEL,القاهرة,القاهرة,
اطلس الاوبرا,ATLAS HOTEL,القاهرة,القاهرة,
العربى,ARABIA HOTEL,القاهرة,القاهرة,
الحرية,AL HORREYA HOTEL,القاهرة,القاهرة,
وندسور,WINDSOR HOTEL,القاهرة,القاهرة,
عربات النوم,SLEEPING TRAINS,القاهرة,القاهرة,
رويال مارشال,ROYAL MARSHAL HOTEL,القاهرة,القاهرة,
ريزادنس المعادى,RESIDENCE Maadi HOTEL,القاهرة,القاهرة,
لؤلؤة المعادى,Maadi PEARL HOTEL,القاهرة,القاهرة,
نوفيتيل البرج,Novotel Cairo El Borg Hotel,القاهرة,القاهرة,
المعادى,MAADI HOTEL,القاهرة,القاهرة,
لونشان,LONGCHAMPS HOTEL,القاهرة,القاهرة,
النيل كمبينسكى,KEMPINSKI NILE HOTEL,القاهرة,القاهرة,
هابى سيتى,HAPPY CITY HOTEL,القاهرة,القاهرة,
هامبورج,HAMBURG HOTEL,القاهرة,القاهرة,
جراند اوتيل,GRAND HOTEL,القاهرة,القاهرة,
فونتانا,FONTANA HOTEL,القاهرة,القاهرة,
الفيض الحاكمى,FAIZ- El- HAAKIMI HOTEL,القاهرة,القاهرة,
كايرو ريذدنس,""" CAIRO WORLD TRADE CENTER & residences """,القاهرة,القاهرة,
كايرو خان,CAIRO KHAN HOTEL,القاهرة,القاهرة,
بيروت,BEIRUT HOTEL,القاهرة,القاهرة,
ذا ويستن كايروجولف اند ريزورت اند سبا القطامية ديونز,The Westin Cairo Golf Katameya Dunes,القاهرة,القاهرة,
ستاى بريدج سويتس كايرو سيتى ستارز,STAYBRIDGE SUITES CAIRO-CITYSTARS,القاهرة,القاهرة,
رينسانس,RENAISSANCE CAIRO MIRAGE CITY HOTEL,القاهرة,القاهرة,
رمسيس هيلتون,RAMSES HILTON HOTEL,القاهرة,القاهرة,
راديسون بلو,RADISSON BLU HOTEL CAIRO HELIOPOLIS,القاهرة,القاهرة,
ام كلثوم,OM KOLTHOOM HOTEL,القاهرة,القاهرة,
نوفيتيل المطار,NOVOTEL CAIRO AIRPORT HOTEL,القاهرة,القاهرة,
مريديان هليوبوليس,LE MERIDIEN HELIOPOLIS HOTEL,القاهرة,القاهرة,
هيلتون زمالك ريذدانس,HILTON ZAMALEK RESIDENCE CAIRO HOTEL,القاهرة,القاهرة,
جراند نايل تاور,GRAND NILE TOWER HOTEL,القاهرة,القاهرة,
فلامنكو,FLAMENCO HOTEL,القاهرة,القاهرة,
البارون,BARON HOTEL HELIOPOLIS,القاهرة,القاهرة,
والدروف استوريا كايرو هليوبوليس,WALDORF ASTORIA CAIRO HELIOPOLIS,القاهرة,القاهرة,
النيل ريتز كارلتون,THE NILE RITZ- CARLTON CAIRO,القاهرة,القاهرة,
سونستا,SONESTA CAIRO HOTEL,القاهرة,القاهرة,
سوفتيل الجزيرة,SOFITEL EL GEZIRAH HOTEL,القاهرة,القاهرة,
رويال ماكسيم بالاس كامبنسكى,ROYAL MAXIM PALACE KEMPINSKI HOTEL,القاهرة,القاهرة,
لوباساج القاهرة,LE PASSAGE CAIRO HOTEL & CASINO,القاهرة,القاهرة,
ميرديان المطار,LE MERIDIEN CAIRO AIRPORT HOTEL,القاهرة,القاهرة,
جى دابليو ماربوت ميراج,J W MARRIOTT CAIRO HOTEL,القاهرة,القاهرة,
انتركونتننتال سيتى ستار,INTERCONTINENTAL CITYSTARS HOTEL,القاهرة,القاهرة,
سميراميس انتركونتننتال,INTERCONTINENTAL CAIRO SEMIRAMIS,القاهرة,القاهرة,
هوليداى ان سيتى ستار,HOLIDAY INN CAIRO CITYSTARS,القاهرة,القاهرة,
هوليداى ان اند سويتس القاهرة المعادى,Holiday Inn & Suites Cairo Maadi,القاهرة,القاهرة,
هيلتون القاهرة هليوبوليس,HILTON CAIRO HELIOPOLIS,القاهرة,القاهرة,
النيل بلازا (إدارة فوسيزون),FOUR SEASONS CAIRO AT NILE PLAZA,القاهرة,القاهرة,
فيرمونت نايل سيتى,FAIRMONT NILE CITY HOTEL,القاهرة,القاهرة,
دويست تانى ليك فيو,DUSIT THANI LAKE VIEW HOTEL,القاهرة,القاهرة,
كونراد القاهرة,CONRAD CAIRO HOTEL,القاهرة,القاهرة,
كونكورد السلام,CONCORDE EL SALAM HOTEL CAIRO,القاهرة,القاهرة,
ماريوت القاهرة,CAIRO MARRIOTT HOTEL,القاهرة,القاهرة,
سانت ريجس,The St. Regis Cairo,القاهرة,القاهرة,
صن سيتى,SUN CITY HOTEL,القاهرة,القاهرة,
بوتيك اوتيل بيل ايبوك,BOUTIQUE HOTEL BELLE EPOQUE,القاهرة,القاهرة,
امين,AMIN HOTEL,القاهرة,القاهرة,
ماريوت الغردقة,HURGHADA MARRIOTT HOTEL,البحر الأحمر,الغردقة,
